id,english,hindi
1,turn on the light,रोशनी चालू करो
2,turn off the light,रोशनी बंद करो
3,open the door,दरवाज़ा खोलो
4,close the door,दरवाज़ा बंद करो
5,read the book,किताब पढ़ो
6,write the note,नोट लिखो
7,drink the water,पानी पियो
8,eat the food,खाना खाओ
9,wash your hands,अपने हाथ धोओ
10,clean the room,कमरा साफ़ करो
11,start the computer,कंप्यूटर शुरू करो
12,stop the machine,मशीन बंद करो
13,charge the phone,फ़ोन चार्ज करो
14,open the window,खिड़की खोलो
15,close the window,खिड़की बंद रखो
16,play the music,संगीत चलाओ
17,stop the music,संगीत बंद करो
18,watch the movie,फ़िल्म देखो
19,learn python,पाइथन सीखो
20,practice coding,कोडिंग का अभ्यास करो
21,solve the problem,समस्या हल करो
22,check the email,ईमेल जाँचो
23,send the message,संदेश भेजो
24,take the picture,तस्वीर लो
25,open the app,ऐप खोलो
26,close the app,ऐप बंद करो
27,save the file,फ़ाइल सहेजो
28,delete the file,फ़ाइल हटाओ
29,run the code,कोड चलाओ
30,fix the error,त्रुटि ठीक करो
31,book a ticket,टिकट बुक करो
32,buy fresh fruit,ताज़े फल खरीदो
33,visit the museum,संग्रहालय जाओ
34,study every day,हर दिन पढ़ो
35,work very hard,बहुत मेहनत करो
36,keep the door open,दरवाज़ा खुला रखो
37,keep the window closed,खिड़की बंद रखो
38,turn on the fan,पंखा चालू करो
39,turn off the fan,पंखा बंद करो
40,make some tea,चाय बनाओ
