epoch,accuracy,loss,val_accuracy,val_loss,learning_rate
1,0.9045237898826599,0.46416175365448,1.0,0.015925070270895958,0.0010000000474974513
2,1.0,0.008896546438336372,1.0,0.005634131841361523,0.0010000000474974513
3,1.0,0.0042443182319402695,1.0,0.003216400044038892,0.0010000000474974513
4,1.0,0.0025787821505218744,1.0,0.002079292666167021,0.0010000000474974513
5,1.0,0.0017320022452622652,1.0,0.0014518192037940025,0.0010000000474974513
6,1.0,0.0012415829114615917,1.0,0.0010690375929698348,0.0010000000474974513
7,1.0,0.000932081660721451,1.0,0.0008185283513739705,0.0010000000474974513
8,1.0,0.0007242050487548113,1.0,0.0006455759867094457,0.0010000000474974513
9,1.0,0.0005777606857009232,1.0,0.000521126959938556,0.0010000000474974513
10,1.0,0.0004707310872618109,1.0,0.00042865166324190795,0.0010000000474974513
11,1.0,0.00039019406540319324,1.0,0.00035812161513604224,0.0010000000474974513
12,1.0,0.0003281172539573163,1.0,0.00030314200557768345,0.0010000000474974513
