Metric,Custom Attention,Built-In Attention
Attention implementation,Manual TensorFlow ops,Keras MultiHeadAttention
Trainable parameters,23189,23189
Final training loss,0.0001977432839339599,0.0003281172539573163
Best validation loss,0.00018321095558349043,0.00030314200557768345
Test accuracy,1.0,1.0
Test macro F1,1.0,1.0
Macro precision,1.0,1.0
Macro recall,1.0,1.0
Training duration (seconds),20.319140709000067,15.802284302999851
Median inference batch (ms),1.6569240001444996,1.781635500037737
Attention output max abs error (parity test),5.960464477539062e-07,5.960464477539062e-07
Implementation complexity,More explicit; easier to inspect,Higher-level; less maintenance
Production suitability,Useful for learning / special needs,Usually preferred for standard use
